filename,timestamp
waypoint_abuzz-oryx-wMdfUapFW3O5.ccEolKorA==.ply,1762941836.540045
waypoint_acuate-platypus-As20zNavOe2ovJuQ77QKjw==.ply,1762941836.540045
waypoint_adept-jackal-uEDPKRLbagmM+M9BXK1mDg==.ply,1762941839.940824
waypoint_aery-skunk-vaMJDKQ0UP+bRPIXlboapA==.ply,1762941842.008005
waypoint_afire-fawn-RWIX4HkunZ25ySm3LsLvxA==.ply,1762941844.2752242
waypoint_after-crow-LoMSzjuUxgN.wJP74dO1vg==.ply,1762941846.4758153
waypoint_after-viper-VGmH7tT7Ay7qATzhcaZxKg==.ply,1762941848.8096647
waypoint_agone-tiger-A37QCXT8y1Qf6LeUYQeArA==.ply,1762941851.0101893
waypoint_agone-wrasse-V3UDclTldoZFsjxHcRvSlQ==.ply,1762941853.2106943
waypoint_ahead-cub-WyP4LDabqH7zm61X041MXQ==.ply,1762941855.6779375
waypoint_ahead-whale-Ux4Vgz78A7xvtaexxJIOlw==.ply,1762941857.8784223
waypoint_aided-yak-MfGvo4sDbtQnksvOyysO3A==.ply,1762941860.1456416
waypoint_ailing-grouse-9qdtsZq9TCS5HZr0S36F0A==.ply,1762941862.546177
waypoint_akimbo-wrasse-RCQKyQBHE24fOHNu7PcgEQ==.ply,1762941864.8134055
waypoint_alar-beaver-WTqrWLx602iyVbS1.QpB9g==.ply,1762941867.0805886
waypoint_alar-crest-T94G72y6K8hUu0G2S56o9w==.ply,1762941869.2144058
waypoint_alike-bunny-f7A27r8.VsKl1DDEKZmYYg==.ply,1762941871.6817544
waypoint_alpine-canary-yjbDaU8biCX6Lhkjr9EVrQ==.ply,1762941873.9489362
waypoint_amazed-mouse-zPfNW3Yhr6tppvU+yVmo2Q==.ply,1762941876.1494222
waypoint_amiss-turtle-tUpDCTPa2ynT5raN.kG.5A==.ply,1762941878.6166768
waypoint_amuck-dove-wbRAX+UlUNYPhrhmNQtm9A==.ply,1762941881.0172431
waypoint_ane-bee-HzpSaWhNV8i6bSc7dW22Vg==.ply,1762941883.6845946
waypoint_apical-boxer-ltQjWOLUjyjYJ47TEm.Gsg==.ply,1762941885.8851693
waypoint_arced-bonobo-FjEIb7OnLkjbHOXCjTukvA==.ply,1762941888.15243
waypoint_arced-frog-EI3FcDdUMv.dVzbLBEBK7w==.ply,1762941890.6197076
waypoint_arched-eland-Skurvl7eDTuXbZ1wxJs6HQ==.ply,1762941892.8202446
waypoint_arty-fish-VYvGkKRSwf+u92B+91OceA==.ply,1762941895.0207713
waypoint_aslope-marten-vsnWShVySlyC+AXJH4KmZw==.ply,1762941897.221261
waypoint_aslope-walrus-TXjBXnhz0M32kLzUsm2uxA==.ply,1762941899.4885125
waypoint_atrip-bird-4w5w5hsb.E+EQArVj3YShg==.ply,1762941901.6890092
waypoint_aweary-cocoon-6GsPRaOO8KX3V79hIJUjaQ==.ply,1762941904.0895393
waypoint_awheel-manx-bb7DP0XnXBBCYOWjBm15cA==.ply,1762941906.3567698
waypoint_awned-koodoo-Dh84.x4eNEeCoBSQr5B+4A==.ply,1762941908.5573025
waypoint_awned-platypus-DSeI2XyaRRfqQ5NcSB81eg==.ply,1762941910.8245304
waypoint_bantam-foal-mZlvOZVnskpEItdCIQNpEQ==.ply,1762941913.225081
waypoint_bantam-thrush-gNLE8pSecHdlx8d99Io2Bw==.ply,1762941915.4923205
waypoint_bats-beetle-KdaTz2A8aTtoCGOSCYvvNA==.ply,1762941917.6928923
waypoint_beaded-corgi-w.02WJV9Z2F7XTm0aUXi3A==.ply,1762941920.1601155
waypoint_bedrid-volvox-ioqB426IwDc63QIyeI.JDQ==.ply,1762941922.694065
waypoint_biface-kelpie-ILG9ge6MYWnvasTcpvd3+Q==.ply,1762941925.0946462
waypoint_biform-horse-DqNPlKDo3EAsFgxlPSAU.g==.ply,1762941927.5619137
waypoint_bilgy-beef-TZrlozlwWYRKk8uPBqcaUQ==.ply,1762941929.962541
waypoint_bitty-crane-M6.NlR0TAjiLRVnOAZmQVQ==.ply,1762941932.3630304
waypoint_bitty-spawn-YNOuQbLfDBvWf6Ush3rM+A==.ply,1762941934.7636664
waypoint_bladed-shad-7UCQRj8fdDPdDAsswAtrow==.ply,1762941937.2309153
waypoint_blamed-tick-V6Jkv+guVIR2en7ooRdjbg==.ply,1762941939.6314921
waypoint_blotto-simian-qoyo3Ta1YNSBjOCaI7aobA==.ply,1762941942.2320929
waypoint_blurry-hyrax-vwVAbxcKux8CiHPUl51PRA==.ply,1762941944.8993673
waypoint_boggy-fox-Qh0yFPuCEkZNsTmWe1bT+A==.ply,1762941947.900089
waypoint_bogus-gnu-sgKIF96Be0VyBh55nFmpwg==.ply,1762941950.367352
waypoint_bovine-foal-SgqsvesQt06ubrfRO068Lw==.ply,1762941953.0346825
waypoint_bowing-python-j48KUMwY+CA7To+uVch8jA==.ply,1762941955.4352567
waypoint_bowing-shrimp-19F2lVL3QbWt0N+f7xMY7w==.ply,1762941957.9024827
waypoint_boyish-dugong-7IqeMQzwnQtUV58RLCX0kA==.ply,1762941960.3030713
waypoint_brash-doe-p5iIVT+Eh5Tyuied05ucAw==.ply,1762941962.7036653
waypoint_broke-sawfly-hW8Ss4R5cME6nXb1bQLbdQ==.ply,1762941964.9708612
waypoint_brunette-hydra-iJTyjyVbzSQz8iTWvPRbmQ==.ply,1762941967.4381256
waypoint_brushy-tarpan-ocAmHb7OfjivyD8Ai1nxEg==.ply,1762941969.838715
waypoint_brusk-beef-VQOzRhj2lrkn9rDwRpiFKQ==.ply,1762941972.4393427
waypoint_burly-tarpan-rQn1PtB1cXpLBOoSpoSCOw==.ply,1762941974.906608
waypoint_bushed-tapir-Q08++VJmQr3sMqWY1Ok4DQ==.ply,1762941977.3738658
waypoint_cadent-dog-DVlvUESJF+V+Ceo20PWOeA==.ply,1762941979.5743873
waypoint_cadent-goby-5DS5V6ZxQGhgMfIPrhmnRQ==.ply,1762941982.041668
waypoint_campy-bovid-XtWU4NSRHP2SOTpGh0WYDA==.ply,1762941984.442229
waypoint_canary-fly-wB+ukMYhZs21oFbUW5xjHg==.ply,1762941986.9094954
waypoint_canty-afghan-nIgYHBuHNOKXHV.9vENn5Q==.ply,1762941989.3768046
waypoint_caring-bison-PEmrrsnwjvbaJm8QKm0.sQ==.ply,1762941991.777328
waypoint_caring-filly-GJpk633zsYkZea9XPyBCBw==.ply,1762941994.244596
waypoint_carnal-nasua-+Dk8Tt9.lWQpllKpHbxz1w==.ply,1762941996.6451817
waypoint_causal-dingo-z0kVId7GdO3HB+kihw6FgA==.ply,1762941998.912381
waypoint_chafed-hyrax-OZcd29lP+X7+KxvIKFSPaQ==.ply,1762942001.3797
waypoint_chic-tomcat-MJFkIX7Z.2ZnpDKi.38Zag==.ply,1762942003.8468525
waypoint_choosy-bird-E9btYc9DCvBfd2.+Stm5UQ==.ply,1762942006.0474205
waypoint_cloggy-impala-HgEP65Kc3bjqHM6bCaYZww==.ply,1762942008.7147343
waypoint_cloven-dingo-qntG5c7ioOtPk0qBSVbHpg==.ply,1762942011.1819751
waypoint_cloven-turtle-8HYbpFmBxKtmEkVXzXQChg==.ply,1762942013.8492432
waypoint_cloven-vervet-M0qWiolzWyE8gnzYupRg7Q==.ply,1762942016.2498221
waypoint_coaxal-liger-HDfsI7MkWV1jkVCJFPAwow==.ply,1762942019.1172109
waypoint_corked-ibex-iY9vdnI4YaBk7HHILqvAxw==.ply,1762942022.1845503
waypoint_corky-taipan-lrMK9+ll.BCuGfaaFhscaQ==.ply,1762942025.0519204
waypoint_crabby-maggot-lrExz.m1hreUxnP3lYk+2g==.ply,1762942027.6525326
waypoint_crafty-pig-lJ7JTfZtuPwq1b+zZVLOLw==.ply,1762942030.6532223
waypoint_craven-dayfly-DYlgXJfjc0T3xHPGT+kKaw==.ply,1762942033.3872316
waypoint_crazed-lynx-reNcGDjOKAhNOfbLBWcx0A==.ply,1762942036.0545447
waypoint_crispy-shrimp-5lE8CpMpOw+5O4AUywY6Rw==.ply,1762942038.4551115
waypoint_cruddy-shark-qcKQDft0m9iWABmTEz0aGg==.ply,1762942045.1234515
waypoint_crummy-burro-uJTHzV8AOIYQiXdRaM+tAg==.ply,1762942049.9912536
waypoint_cuddly-drum-pvjojM9S3n8PtrLzxTkfTg==.ply,1762942052.6585712
waypoint_cuddly-skink-RjvXug36SBFfBH4xv4R2Mw==.ply,1762942054.6590877
waypoint_curly-hybrid-F6FkNE+VpYP13nITeXGNYA==.ply,1762942057.0596545
waypoint_curst-snail-aqOeh3E.Ve39r6J6cJXEcg==.ply,1762942058.5932686
waypoint_curtal-hyla-sF6BHGinzvjPY5Csq0gAwQ==.ply,1762942061.1939125
waypoint_cyan-egg-V7zL7SXFSAF7zuiLLn4rJw==.ply,1762942066.395086
waypoint_cyan-rodent-H4078YhDShuf3RWlNQ0wdw==.ply,1762942069.2624636
waypoint_dashed-mule-OpJtgmF5JBPThliJJFa3ew==.ply,1762942072.0631418
waypoint_dated-gecko-fzA6Gws0+X7pfgw.UXJoIw==.ply,1762942074.7305286
waypoint_dated-jaguar-aUp.GlvHKtMHpA0kjICfXw==.ply,1762942076.9309847
waypoint_demure-larva-dq3Xnjpq3kkAoc7y3NFO+g==.ply,1762942079.7316065
waypoint_dewy-beagle-8+1alhkh4G1fHIDPYAFIfQ==.ply,1762942080.1983833
waypoint_dicey-bee-yHDQ1QmKcft1voToPHEsHg==.ply,1762942083.065723
waypoint_dilute-shrew-82qyroHB1LvMKeySi8yQXw==.ply,1762942086.466498
waypoint_dipped-weevil-AhsXc.M92OyML82+b+Hn2g==.ply,1762942089.3338647
waypoint_dirty-hyrax-l0I63UWW+MzoKVlmQlanGw==.ply,1762942090.734225
waypoint_dopey-ewe-.2wypXp6sHBGWfq7vyKnBg==.ply,1762942093.201474
waypoint_dovish-dayfly-wVU75lPxq2sJbxDjWXUbOw==.ply,1762942097.6025305
waypoint_dovish-fleece-pOiZnKaL6QLi8jZs.fPlbg==.ply,1762942100.6698935
waypoint_dovish-frog-0.mQVLEunBDImYOt0rxKOQ==.ply,1762942102.6703532
waypoint_dozen-mite-Hu602WnQVKH7E3g124ZsCw==.ply,1762942108.1382968
waypoint_dozen-puma-Wv08O+RwCV35bj.Us78tSg==.ply,1762942112.405965
waypoint_drafty-gull-lSsTSoW1Qwj9ERd8hTOPRw==.ply,1762942115.2066517
waypoint_dud-howler-z7R3oUCt+F0EwCwAC7iEsg==.ply,1762942118.2073624
waypoint_dud-kelpie-ToY+7NYLM4m73iArsdRvNw==.ply,1762942122.8084736
waypoint_ebony-rat-yeqSEFqF99mb4dckZxrjpQ==.ply,1762942123.8754008
waypoint_effete-impala-C+5aeQmlxTsByUlEfPEMTg==.ply,1762942125.6758804
waypoint_eighty-remora-Qb+Few3cpQoQ9nZ5IOY32A==.ply,1762942128.9433033
waypoint_elite-skate-fDRfiNhNKSzVDZYI.knrYA==.ply,1762942131.7440207
waypoint_enured-craw-lu1H2oDKvni4ed.tDH2ZHQ==.ply,1762942133.1443155
waypoint_eroded-cattle-CWfcjhVrUnSjPqmVkg9FAQ==.ply,1762942137.01194
waypoint_eyed-dog-45DHLqNMXvVuqBRDr5p1vw==.ply,1762942141.2129245
waypoint_fabian-bonobo-kuYMNWXaRBB2mmG56NywCg==.ply,1762942142.0798795
waypoint_faddy-krill-KtL5vyOlKEhEcCWSwCp7rQ==.ply,1762942146.480815
waypoint_fated-lynx-Wy6IQT23DDrsC+S1UepFvw==.ply,1762942149.4816086
waypoint_felted-anole-wRIhCv93WwjS47yyPBhnRQ==.ply,1762942150.548531
waypoint_felted-gaur-z.D8RFpxfgpJwjPWIKrXeQ==.ply,1762942153.3491955
waypoint_ferned-toad-3T5wAZl8CSBHFDCTFx4QWw==.ply,1762942155.9497643
waypoint_fetid-python-8Yw.kqUmhGI+ld4rZh9Oog==.ply,1762942157.9503548
waypoint_few-burro-goSjaeYjrcJVH4wzcDi.1A==.ply,1762942161.617866
waypoint_few-kodiak-XUQ09MYlXpUQcNiFk9tA1Q==.ply,1762942162.8182135
waypoint_fewer-turtle-LNhOrugZsvV8V6f9.ywKPA==.ply,1762942166.885813
waypoint_fewest-gnu-EhWb4hPHZ0DlYOrmhVgE6w==.ply,1762942171.4202166
waypoint_fewest-larva-k2eJHOYHsDjGnL2X00IIOw==.ply,1762942177.4882398
waypoint_filmy-chimp-ZD2YsCdLBCJHFD4uT7z+rg==.ply,1762942185.690231
waypoint_finer-dog-kIWENhkKhu1cDicy7aKlQA==.ply,1762942187.3572288
waypoint_finer-goby-BoKwDJp2ajo1ob31I0Hjkg==.ply,1762942187.9573648
waypoint_fitter-marten-8dU2GIH7gCT9qWcUvuafgA==.ply,1762942190.4246855
waypoint_flabby-cowrie-p6W9XYiy9LgszMnf53Ktrw==.ply,1762942192.2251008
waypoint_flawed-otter-WDm2sw9WsSuSgcrPvM9UnQ==.ply,1762942194.4256392
waypoint_flinty-coyote-A1jKgtU5.nPHx8cYWBQ+WQ==.ply,1762942197.0262282
waypoint_flinty-syphon-vaAp.zzNwb0VK.dRWtAUlg==.ply,1762942200.093689
waypoint_flip-angler-EctFFktMHjxWCaf+2e+k7Q==.ply,1762942205.6950111
waypoint_floaty-otter-pcxmcXp86Ixz0GIlwZykOw==.ply,1762942206.962014
waypoint_floral-medusa-AMihbv.mvbuTHvDTBZjepw==.ply,1762942218.4313762
waypoint_flossy-conger-LK1bZZBP.5f1SdSZYVoUcQ==.ply,1762942224.6995628
waypoint_fluffy-kodiak-6dFC4X705Z+.+gnz6.AEvA==.ply,1762942229.1005838
waypoint_flukey-bobcat-H1r3FBXsyDEnUzYhuTiW5w==.ply,1762942231.9012778
waypoint_fly-otus-H+zPSGy8AMme6ZKMwJbIJg==.ply,1762942248.638573
waypoint_foetid-sheep-XYivtSVo0NbtFxNEfAjLhQ==.ply,1762942254.1731503
waypoint_fogged-spawn-.1jXSHlDzCgolbj8XsUqFA==.ply,1762942258.3742387
waypoint_forged-mamba-6MuSn00EqKVmlAuDIUQCVg==.ply,1762942264.6424177
waypoint_four-conch-MrB1C57+bMOkr5s6Sb6PpQ==.ply,1762942269.9103303
waypoint_fourth-yak-oJe5ZbZ.lOTQpIjc9XmTmw==.ply,1762942275.1116164
waypoint_frisky-weevil-NME.hu+8DRqWYC38mVN8Gg==.ply,1762942280.579594
waypoint_frowsy-yak-CR34+1gyzjeU21WBJqUbkQ==.ply,1762942305.7189462
waypoint_fulgid-marmot-z77OQC35csLDAcanx.7VsA==.ply,1762942308.5862858
waypoint_fumed-insect-wPa05tY9vsAXfja0B8uqYA==.ply,1762942311.253572
waypoint_funded-dog-Qy4gGHd1Yi+ilgCysehatQ==.ply,1762942313.587469
waypoint_gabby-gaur-NCxP28xfzwz9+RRIP61GkQ==.ply,1762942315.454558
waypoint_gabled-vervet-Mu2P1mAVIZsYyUY+VMYcIw==.ply,1762942317.9884732
waypoint_gainly-taipan-WzT6kQGG50FqhmMJJ6M6MQ==.ply,1762942320.989108
waypoint_gaunt-pig-km93KFvspbwQ3VXrXq7UCg==.ply,1762942323.1230881
waypoint_gauzy-narwal-PZoIyjyWrG+EEY85kSSiXA==.ply,1762942323.789876
waypoint_geared-fawn-u5cbYG5DfwcAB5nuNgWa+w==.ply,1762942324.3900332
waypoint_gelid-magpie-oj4Hl+d7crIywR3GQHS4TQ==.ply,1762942327.0574791
waypoint_gelid-toad-XJ1lN.63FFWs74MjGfBZGg==.ply,1762942329.457955
waypoint_gemmed-eel-UTxMTHKIn4sad1wWaXQGGg==.ply,1762942332.2585151
waypoint_gifted-cub-fpNkJJvts+UBlaExjKDnXA==.ply,1762942334.1255834
waypoint_gifted-hyena-x3GsoLC4GxchZ5Hc+t6X8w==.ply,1762942338.7935412
waypoint_gifted-pincer-3Jh57Hk5brVh1thWSeMz0g==.ply,1762942344.194867
waypoint_giving-mare-ljZ2yTrP6k3c5v+llpwsZA==.ply,1762942345.1951137
waypoint_glace-bird-T3jRY0PV6WWdNZJRItosqg==.ply,1762942346.8622754
waypoint_glary-algae-hJs5g5RA6qZVPLrXIhotbw==.ply,1762942348.72943
waypoint_gloved-gecko-YDo.emyliBPSQmfAxFgMvA==.ply,1762942351.3967905
waypoint_gloved-moa-Fhzlv5VnymHBAyVzqfhwZQ==.ply,1762942353.9973736
waypoint_glued-slug-Agq5Nxg0V0S0kN2Xii5G1Q==.ply,1762942356.1978679
waypoint_goofy-mouse-p39oiis27RmtZrX9sllagA==.ply,1762942356.9980903
waypoint_goosey-chunga-RuVQ7eS9XZBrRV1+TpOL7Q==.ply,1762942359.4651887
waypoint_gouty-sawfly-NOERflhriuOxerkGlj7.Dg==.ply,1762942361.999117
waypoint_gowned-cocoon-H8ZKwERRDF4L5x5shvD7Eg==.ply,1762942364.7998886
waypoint_grabby-koodoo-QT2Jho1iiszTKg3xW1hB7w==.ply,1762942367.4672303
waypoint_graded-burro-V1CHarGj8hCFpuHOtjqL7A==.ply,1762942370.467977
waypoint_graded-turkey-Sdu2bCTxb7oSzbmjaFnIfQ==.ply,1762942373.1353276
waypoint_grainy-tick-mBRdQpUCXUUgPNCssxwWcQ==.ply,1762942375.3358312
waypoint_grapey-moa-TKA3fyVGEJ+I16mn62.SGA==.ply,1762942377.7363005
waypoint_gratis-algae-.pnUZDjryJYpygL2irxBxg==.ply,1762942380.336907
waypoint_gratis-budgie-9sDDYWfbD4453PAQ5jyD3A==.ply,1762942382.737497
waypoint_greyed-cicada-IG.kj8Qbfq17vxwbHBE8Dw==.ply,1762942385.2047513
waypoint_grimy-cattle-gJSsCZFn+UvVBM4VRP2DsA==.ply,1762942387.4719737
waypoint_grown-aphid-vS8ObhGjXpi0+FaZy8VmaA==.ply,1762942389.8725626
waypoint_hadean-dassie-MV.19xWuCThUCOLNcpgBmw==.ply,1762942392.4731934
waypoint_hadean-kelpie-SpyntP10CFRFWMHGivbLGQ==.ply,1762942395.3405664
waypoint_hadean-sawfly-xMnJZ+fYzkgZYIb9EZ8JoA==.ply,1762942397.7411554
waypoint_hadean-snake-SD1GF2k6ywVmwMlI.pE9Cg==.ply,1762942399.6082516
waypoint_hated-horse-SPsXfM7d1xN7zaayjeDv5Q==.ply,1762942400.8752155
waypoint_hated-okapi-CO8xG7WpxA0uVxCO.68n2Q==.ply,1762942403.0757356
waypoint_hatted-drake-90LuGrt+4YbwUVdT9rQAUA==.ply,1762942405.1428828
waypoint_hazel-antler-BX0kVCFEQuC+i52uk.b+lg==.ply,1762942408.943805
waypoint_hazel-bronco-mScpLUkauTBJyrCekiscMg==.ply,1762942414.7451923
waypoint_healed-rabbit-3VwyWytcbSGivBnSPjeaqA==.ply,1762942416.412191
waypoint_hectic-hogg-KrRN.aEk2n56ftPuBUaveA==.ply,1762942417.4124238
waypoint_hick-rhesus-3EL6aLEBtB5KZIevPyEIIg==.ply,1762942419.2796192
waypoint_hilly-vervet-gjP3N60Clqs2z+dtJPL3+g==.ply,1762942420.479918
waypoint_hoarse-mite-i+re4wLuK3cmCvWMK.d4Bg==.ply,1762942421.0800602
waypoint_holey-bunny-0z75jbNJS18G7w3zzD6tRw==.ply,1762942423.7474053
waypoint_homy-wombat-P9MNR3wazNueh7h4SJ57GA==.ply,1762942427.1482031
waypoint_honey-angler-WK+1Z1AKENgBVeMuWcHVcg==.ply,1762942432.6162198
waypoint_honey-sow-mGsEEgERa761ZFSNt17Riw==.ply,1762942435.216814
waypoint_humped-weevil-38TNmMI2YW2tcz0M183FwQ==.ply,1762942436.88393
waypoint_hushed-dassie-4aSpe7Is2galwy4bG7GluQ==.ply,1762942440.1513112
waypoint_hydric-duck-H8pd20klesCVWOqbB8g87A==.ply,1762942441.6183105
waypoint_inane-koala-sjHmBD2Tq3FA+GT43xpYcQ==.ply,1762942444.6190317
waypoint_indigo-snake-F8wPw.E1c6EErqG6yemhdg==.ply,1762942447.6197891
waypoint_inky-moa-9AdxPYEtYt.MAwhUjBs.TQ==.ply,1762942448.6866734
waypoint_inlaid-coyote-u7mav9P1nZlXpi1uF4pO5w==.ply,1762942450.2871075
waypoint_inlaid-racoon-e3z1e0yrMoZFJCL3wM01lA==.ply,1762942459.3559535
waypoint_inland-kelp-1jN2MXkVsQkQ.dzH5AE6bA==.ply,1762942462.823515
waypoint_inland-lizard-dSs+7j.s9gmcgxhn0eozNw==.ply,1762942467.0244634
waypoint_ireful-weaver-EvgCVVD4e.TCvBgwG.UreA==.ply,1762942470.2918699
waypoint_iron-drone-FPcDstrYNvfhCZ+c2TVNvw==.ply,1762942473.7593727
waypoint_iron-thrush-VloeeVIX6gcqvWKFIX.uqg==.ply,1762942476.7601182
waypoint_jade-auk-SSYkOSN71ls0DvzBkCHVmA==.ply,1762942480.227586
waypoint_jade-conch-ypEFdSanbRdgajoIiu5wJA==.ply,1762942483.6283536
waypoint_jawed-duck-QpaLuT+auRdcbSaTd3D9.A==.ply,1762942487.095882
waypoint_jet-alpaca-DTH9xW80rRjPJf8gxkMVPQ==.ply,1762942488.696288
waypoint_jolly-oxtail-fQR+DaOA+yu2.daFoSeblA==.ply,1762942500.9658475
waypoint_jolty-macaw-a+w9zl8HD4H3bQoWOKu6Yw==.ply,1762942501.9660456
waypoint_jungly-hyla-EiZSLjpbcUnje0TZuLAyYg==.ply,1762942504.4332976
waypoint_kempt-bird-NyQAmwwMFivvBMc4GHKwHQ==.ply,1762942505.433522
waypoint_kept-otus-9iAR293XCQeUrOZJ8OJjMQ==.ply,1762942506.9005516
waypoint_khaki-turtle-Jx9TJdxEPEzX+E8iSPVGrA==.ply,1762942510.5013685
waypoint_kingly-taipan-DuFzjPAvfn27SsLVwYNO8Q==.ply,1762942532.6401157
waypoint_knobby-coral-8JFdSsV6Pszgp+Fi3X.I5A==.ply,1762942533.1068692
waypoint_laic-vixen-mT5RZMvZ4EzCn6VWp3LCgQ==.ply,1762942533.7070322
waypoint_larval-cocoon-c7HLrKf35K.zBDGrNBHADw==.ply,1762942538.1748097
waypoint_larval-merlin-5gym9siN2UNIzcQD5WU0xg==.ply,1762942542.042437
waypoint_latish-toucan-txW0uItr2ggkusuWKe7ABw==.ply,1762942543.0426435
waypoint_latter-virus-P6ya0FSUrE5uCmq5yqGkYw==.ply,1762942546.6435134
waypoint_leafy-crest-qyVLtXGV.hzIp1tMIWhgkg==.ply,1762942549.8443015
waypoint_leafy-mare-7zUyivtCVtE4giZiqcD2mw==.ply,1762942551.5113297
waypoint_leal-adder-g3I70D8Rwf0m7moXIZdgGQ==.ply,1762942555.3788874
waypoint_leaved-basset-HCdaj37thKjsRzCfoY+SDg==.ply,1762942558.7797081
waypoint_leery-syphon-h1uxZlcgoUIf8j5f42J+Iw==.ply,1762942560.3801181
waypoint_legato-krill-GBaKycJFroHfMQyjcSLBZw==.ply,1762942562.0471754
waypoint_legged-bedbug-nFCyKNjrY7SfosfpXLptDw==.ply,1762942563.247531
waypoint_lento-marten-QVGrTsCcFrVkX4Y0BQbLog==.ply,1762942565.5146825
waypoint_liked-merlin-ktMiehAWCL6lhhZh6G1mAg==.ply,1762942567.8485692
waypoint_lite-swan-Nh2aLkigcnlngpvV2qsXPg==.ply,1762942570.7825963
waypoint_logy-falcon-BVPOAER9U1yf11eB3YYfXw==.ply,1762942573.7833855
waypoint_logy-nasua-wuxG0qEei7mVAowdz3wpMA==.ply,1762942576.4506285
waypoint_loving-bass-ebFXHL6fj4e9o0iYFbU48A==.ply,1762942578.851172
waypoint_macho-kelp-rL8dCBwfeYWo6Bbm2w0AUw==.ply,1762942581.5184975
waypoint_madcap-bear-APciuhwC3HCduVkwC5u5sw==.ply,1762942584.3191717
waypoint_magic-badger-pUd5ctj7zs6Ok6bnZoWaiQ==.ply,1762942586.9197755
waypoint_magic-mouse-i.8Vh9GGvlHvWJwdlrvx1g==.ply,1762942589.253658
waypoint_manic-dodo-aNkQoni1K2QsXltl96FJmQ==.ply,1762942591.9876766
waypoint_manky-tern-k8.tTcBuVbXygVZj1Rd.8A==.ply,1762942594.5216205
waypoint_mass-rook-SafZ8JXrvXk9PUOw75LkCg==.ply,1762942597.4556415
waypoint_matt-chick-qolNhdzGsm3Ev8sL7hEO7A==.ply,1762942600.3896816
waypoint_matte-condor-V+3oZFrwD1PiKt+FvmRWfA==.ply,1762942603.7904983
waypoint_maxi-merino-5JaaJNKzTjTTlJfHDany3A==.ply,1762942607.057931
waypoint_mazy-koala-NQknclIbwTqQnCOPFTwViA==.ply,1762942609.858675
waypoint_meagre-trout-eXGV3EAej03rDzW26w.sbw==.ply,1762942612.3259091
waypoint_melted-pike-ozROYjt1wzdgL0v+w042HA==.ply,1762942614.6598032
waypoint_merged-baboon-apMtXcXzJdXI8T+gDn.JrQ==.ply,1762942617.3937888
waypoint_mesic-guppy-Wfj4YQ1dCjF0LCmU2zKmeg==.ply,1762942619.9944386
waypoint_metric-gull-snBVDPY10z8lV8bk1E6eBA==.ply,1762942622.9284472
waypoint_micro-tapir-TRNPVHgVcf9abhpwWyi4Hw==.ply,1762942625.5291421
waypoint_milky-anole-Qxq07tws2hz3tlwkeanXJg==.ply,1762942628.1963677
waypoint_mired-grouse-3YI18NErvXytNV2IEZRXJg==.ply,1762942630.8637135
waypoint_modal-bat-TVfCuXFsLofkxWc0hb4Fbw==.ply,1762942633.1308763
waypoint_moist-boa-puapNOnn0DgPoms0KoDUMQ==.ply,1762942640.3993366
waypoint_molded-bunny-GmzOtZxxqmaH8cNmCLi95w==.ply,1762942642.8665755
waypoint_molded-cub-X6RPMm09WD107xGj8kBMqA==.ply,1762942645.46721
waypoint_molded-tiger-MCCJRpzTwk7QkveDiuAHfA==.ply,1762942647.334328
waypoint_moldy-kelpie-quUadG+X24QyWvQz73Kzzg==.ply,1762942648.5345218
waypoint_motile-hound-8oX7CfRFB.iXy6ZZUWh2YA==.ply,1762942651.40189
waypoint_moved-bat-DKSQ4pnE8TRTEyYM3K7qKw==.ply,1762942654.2692628
waypoint_musing-osprey-X18G0EaJObMy6Q1MO9cO7A==.ply,1762942656.8699338
waypoint_musky-aphid-CeWpo8ZNB.HJC1PsxED7iQ==.ply,1762942659.73727
waypoint_musky-cicada-pzLDVOI1gC9pjrvkyNTxeQ==.ply,1762942662.6046884
waypoint_myriad-mamba-dxHbRgs3CvwuxNbPVLZ1Cw==.ply,1762942665.4719865
waypoint_myriad-puffer-HFM8aTQJUXuJJzMX0KqkDQ==.ply,1762942668.739433
waypoint_mystic-krill-o+BOk1fUWW56MY.bU8Eraw==.ply,1762942671.5401437
waypoint_naiant-canary-Z9GNgaXYKWyJ0NqrRXMeUQ==.ply,1762942674.6075258
waypoint_naming-conch-HkbAxIRZfUBfps9BHYGVJw==.ply,1762942677.4081836
waypoint_napped-guppy-0vrCn9Tgzix0QV+WK5hX0g==.ply,1762942680.2755265
waypoint_napped-mole-daZYmL78xM0HWKJPrbVE.Q==.ply,1762942683.4762764
waypoint_nasal-antler-qTtiwfjvJ9z6btxYQDKGGA==.ply,1762942687.27713
waypoint_nibbed-medusa-ZsE72zzHmo1n+RwE.GY2Ow==.ply,1762942690.344572
waypoint_north-viper-k8S+cCSm6WcTjV9B4L5nxQ==.ply,1762942693.945407
waypoint_nubbly-embryo-F9atqKYIjVrpFZ8J3hJozQ==.ply,1762942696.0125318
waypoint_null-angus-hggYtMFbdi6Y6hfVt+As4w==.ply,1762942699.0132253
waypoint_null-toad-dKWSPI2MVcpxmhw+nx.Nxg==.ply,1762942702.0806794
waypoint_ocher-wrasse-9yV0uQSIjQM6DNpypDrbPA==.ply,1762942705.6815279
waypoint_oddish-guinea-EyoY+IJLgVJzhBYrCPzU8g==.ply,1762942709.149063
waypoint_offish-nasua-quMzEUlVmfca8FCAFfYEHA==.ply,1762942712.5498278
waypoint_oiled-bobcat-FIOd273HbphSI0nTHocjRA==.ply,1762942715.8173249
waypoint_onside-dragon-ZOvbBb2rQvHYluZ1d+CMqg==.ply,1762942719.4181826
waypoint_oval-cows-M2iwpa9eK79i6Vp7XM2phA==.ply,1762942722.2855237
waypoint_pained-goby-ca0LsjxvRnqZMUOY0.VD.g==.ply,1762942726.153134
waypoint_pained-rat-KxmnFFOe11PGMhPCbKTMQA==.ply,1762942727.2200508
waypoint_pally-ermine-LeyeonbUEIpJps8bTNbyYw==.ply,1762942728.4203193
waypoint_pally-spider-4WjS3sKOlBpHTALwU0+GmA==.ply,1762942728.6203854
waypoint_papery-gull-HAb7d6uF1QI2qMDulh9nLw==.ply,1762942748.3584392
waypoint_parky-bronco-u5o6snrZwXKxlx2SZaIj7A==.ply,1762942764.2289097
waypoint_parky-tick-yQRSzpzJZ+ZvtGD1fnXspw==.ply,1762942766.8295352
waypoint_parted-insect-u4jqRPTDqDfXww98fUw1YA==.ply,1762942767.6964374
waypoint_parted-taipan-JtSP1T4U3.xVFC7RVe4c8g==.ply,1762942771.5639927
waypoint_passe-pig-GfywvWU2ySccN628YNfu4g==.ply,1762942773.2310412
waypoint_pasted-amoeba-qNJInrhrYjrYufR0j9TkSw==.ply,1762942774.2312799
waypoint_paved-merlin-lVlBtDK75f7oVQV5bTawgQ==.ply,1762942778.632338
waypoint_peanut-skink-kBwxi58IVMKpRaRj8L8gJw==.ply,1762942779.8326266
waypoint_pert-warble-STSIgElL0+6058BVYEiLXQ==.ply,1762942783.5001419
waypoint_phobic-spawn-+Eh53ND65pgHj57Yj0Q1Lw==.ply,1762942785.967401
waypoint_piano-pigeon-Ch3qkvGEb0B1vBx.DFidQw==.ply,1762942789.0347776
waypoint_pied-chimp-ojftaKTldmkb48EpsSOIyA==.ply,1762942791.9021683
waypoint_piggy-maggot-0HllcmlBGrNCg2FWcJPuJQ==.ply,1762942793.3024595
waypoint_plane-raven-QkuNk1a4.XUq9I9PQ4a0Dg==.ply,1762942800.7709532
waypoint_plump-pike-hYjIBce7epuZa3Ahn6yV2w==.ply,1762942804.0383837
waypoint_podgy-wolf-6nTPgsGEW5ReuQJIsymvRA==.ply,1762942807.3058455
waypoint_porose-mole-X.NZ72VohtscgO8Vhz+FQQ==.ply,1762942809.573013
waypoint_posh-deer-rSqa20iCC7QoFDxbkPL.bw==.ply,1762942812.5736947
waypoint_preset-tapir-q4mwyZitDY5b8Xu6UrBJWQ==.ply,1762942813.3737957
waypoint_presto-swine-bO3V82h7q5.rLpXZqUlWBg==.ply,1762942816.641255
waypoint_prewar-vulture-XwzQOpQReD7plKJMjfFdeg==.ply,1762942819.7087102
waypoint_primed-clam-Dk13KFYW4lZz++lmFmaFQA==.ply,1762942823.7096758
waypoint_prize-weaver-C98BFLlSx5g.xmDgyyjE4A==.ply,1762942825.910285
waypoint_pro-mayfly-UT8PsrbGbeFhhPYxlJMBHw==.ply,1762942830.1780074
waypoint_prosy-mole-o5QOwUN.hrc9msMU2XtCHg==.ply,1762942831.1782563
waypoint_puff-canine-NKjblFVx0cy6vsfzD22hKQ==.ply,1762942834.579068
waypoint_puff-vole-ny1zxuNg5sXOvWrIUzBSGA==.ply,1762942835.579283
waypoint_pulpy-tsetse-XSpGr8VcjBOIV7jCKbHldw==.ply,1762942838.4466138
waypoint_quack-poodle-DfEg930GMwMl0EHyxPXbKw==.ply,1762942841.2471786
waypoint_quack-rat-Cj6xmT.y8n8afhTmcTWchw==.ply,1762942844.3144865
waypoint_quaggy-oxen-AHxMbtGjA.lOkovqKyqxHQ==.ply,1762942847.315233
waypoint_quasi-civet-6zrwJvEUfDYWJS+IgcwLMA==.ply,1762942850.2492883
waypoint_quasi-skate-oTOESlcAL+fMKScI1bPs9Q==.ply,1762942853.7167375
waypoint_quirky-camel-3D+brEAZhcJcsPg3UiZ0Cw==.ply,1762942857.2508535
waypoint_quirky-hyena-J.0Vg9nf+MeS8aoR9HlwGA==.ply,1762942860.7850862
waypoint_radial-oryx-OqKzm97V4IsebvF7tvREIg==.ply,1762942862.718903
waypoint_raring-pika-baye4EbOpCDh31lmOtejOA==.ply,1762942882.4569724
waypoint_regent-mouse-ePKlVn732nRx1vjEVjbb4A==.ply,1762942884.057276
waypoint_remiss-manx-9p2u7sVJAuoPLYAIckiVYQ==.ply,1762942884.8574717
waypoint_repand-chunga-HZTz3qxpFX+zW3Pw0UNmXg==.ply,1762942887.3248327
waypoint_rhymed-boxer-eg92xvY.rhfedQHtbmt2Ng==.ply,1762942889.9920013
waypoint_riled-civet-st5IMdfON0GasbiOQK3nCw==.ply,1762942892.525945
waypoint_riled-shark-BCR1RJSAH.iIQSOf4k8JdQ==.ply,1762942894.8597999
waypoint_roan-chick-kUN59yhMdVb8QuxFB0IDxw==.ply,1762942897.3936906
waypoint_roast-cows-l5mjkBnAesnepKzPuUYBHg==.ply,1762942902.2615213
waypoint_rococo-kiwi-1QoCWashqpAJ1F4N9rf+2A==.ply,1762942910.5301235
waypoint_rotted-gander-ayJWHnaXM9Q4pA.2V0UwwQ==.ply,1762942912.13046
waypoint_roving-merino-tdzxOhT4E+d3fkApNEcMRg==.ply,1762942913.130751
waypoint_rueful-prawn-wCOymq5UgtAIBdUdvRFgYw==.ply,1762942914.7978454
waypoint_runny-marten-1ZCOJtWOXlIFlcyKGqVCoQ==.ply,1762942917.4651222
waypoint_rural-antler-LMl+KFdHN1ss74Qs1XQQXg==.ply,1762942919.8656776
waypoint_rutted-cuscus-gGRY3RMLC8O7mijT.Vdh.g==.ply,1762942923.9332714
waypoint_sable-gull-O8cfKuIm1TKDd4FNyr5BvA==.ply,1762942927.6008224
waypoint_sacral-donkey-YhGF7xXL4MLvg3K5djho8A==.ply,1762942942.4711072
waypoint_said-amoeba-15eeke2OHa1so3Gs2onxxA==.ply,1762942944.5383673
waypoint_saline-iguana-xMYkdFrJlA0ZcyILXHJjrw==.ply,1762942948.2059045
waypoint_sallow-magpie-+iL73+KQLSIAldQkoccZZA==.ply,1762942951.4066598
waypoint_sassy-tick-RsEdQ+gbtDfHyYvpeIsliw==.ply,1762942952.0734954
waypoint_satiny-camel-kjriCXPwFXnp7scwxa4yUA==.ply,1762942952.673647
waypoint_scaley-wasp-lpET2lQA9znghqlJj.E.Sw==.ply,1762942955.340919
waypoint_scarce-vervet-Z0CSWVaKVMmaJU3K9fkatw==.ply,1762942957.8081608
waypoint_scared-biped-bNJOVxLaCx2GQoxBudE1mA==.ply,1762942960.2086022
waypoint_sedgy-leech-NZcs5bQToAqCobSbUoYTSg==.ply,1762942962.875871
waypoint_sent-adder-UlVNx3j+iGjmYUXr.oTwHQ==.ply,1762942965.4765155
waypoint_sent-jackal-fNszrk9nbxID4r1Ser2mgA==.ply,1762942967.8770735
waypoint_sewn-bear-7lb7.1ipxbeVgXgt6ZKlKA==.ply,1762942973.5452297
waypoint_shaken-frog-rsA9u1lcds3bWBqQGVP7Dg==.ply,1762942976.612578
waypoint_shelvy-seal-UEI3sTjw0XBPlPpjkaVHUw==.ply,1762942980.4134886
waypoint_shifty-vermin-Cx0xc38BSJILznkAynD74w==.ply,1762942989.1488879
waypoint_shirty-buck-e3olGnkQ97CDWyQpuujwTA==.ply,1762942994.616936
waypoint_shoaly-colt-y21rbatmHZluDPYYAtPlJg==.ply,1762943000.8850327
waypoint_shoaly-yak-JzGM1SONGpJU5XoRG4AU+Q==.ply,1762943003.4856288
waypoint_shorn-cowrie-h58Os.XSVjOnDu6rrpYh5A==.ply,1762943004.8859446
waypoint_side-condor-CM0eIgv4MVCXxX6PxplKXw==.ply,1762943006.553019
waypoint_silty-camel-C6cb0WEW3zgn+Gn1Lnsgvw==.ply,1762943011.6208673
waypoint_silty-shrew-lIeldKV.NBWOjxVEehLhlA==.ply,1762943014.0881426
waypoint_six-swine-rML7y+402u1hpDnFXSpA7A==.ply,1762943016.488837
waypoint_sixth-bee-OBGplfBmwh5jWKDtlCnYAw==.ply,1762943018.7562935
waypoint_sixty-heron-004Sb85ReyiKAzPHlb42ow==.ply,1762943021.2234058
waypoint_sixty-mite-yqf3su.FwbwHn9Q23Rll6w==.ply,1762943023.6239548
waypoint_sixty-pug-+QlYrb7KNkcNjVXwMfcQdw==.ply,1762943026.2912362
waypoint_sixty-python-TXdt8CgSjoUX6TbEmAFYCA==.ply,1762943028.758537
waypoint_skewed-bovid-np+MwX2GcLEuslsOSfHNrw==.ply,1762943031.1591544
waypoint_sly-hawk-kWOVa.a0p9HxBKQjkJbm2g==.ply,1762943033.6263807
waypoint_smarmy-antler-GgogOhAWUrp7I+4GtG1buA==.ply,1762943037.6940408
waypoint_snarly-mare-b.VqupHXAigKin1fTDzbTQ==.ply,1762943040.1612813
waypoint_snoopy-mantis-XhyZ3omufbkD.iYgB.L4xQ==.ply,1762943042.3618875
waypoint_snooty-medusa-oNBZ0OXpj69ATYCW2W2feQ==.ply,1762943044.5623538
waypoint_snuffed-crest-yn0GFIhfroMjtGllAO50jQ==.ply,1762943046.7629397
waypoint_soiled-snake-NQxN2DHjrpsi6FnnjunbrA==.ply,1762943049.030144
waypoint_sold-ibex-LybVbT793ypQI9kUIgsq.g==.ply,1762943053.6312764
waypoint_solved-ant-8.On2nOFJ2e.ScsqIbRmPQ==.ply,1762943056.0986278
waypoint_solved-moa-dWgI9Zubvw9ya1WJpPDbAg==.ply,1762943058.2992234
waypoint_south-warble-00mGDfODca56nil8kLHnjQ==.ply,1762943060.5664191
waypoint_spiked-weevil-fTrLkNdEn1cvMtsCL1Y0AQ==.ply,1762943062.766958
waypoint_squint-germ-PiTcdKGYdUxKaijJV1A2fg==.ply,1762943065.1675115
waypoint_staid-scarab-x+zGh.ZF2ZxH64PCZrYAkA==.ply,1762943067.4347775
waypoint_staple-botfly-F9GjYVKkjiSp2TwJIxU30Q==.ply,1762943069.6352816
waypoint_star-scarab-jR.yxXDWPBOOVFqdmxFtMg==.ply,1762943071.9025054
waypoint_strait-vervet-FynDG2iOoRXpGMJK2x9Y5g==.ply,1762943074.169717
waypoint_straw-civet-1fSlrL3zISnGRADU1x6Vfg==.ply,1762943076.6369653
waypoint_struck-cod-pdaY33GLQvSWBuTxUiM.OQ==.ply,1762943078.837506
waypoint_stubby-python-CuE104gjqMoKyofL43CFwg==.ply,1762943081.0380268
waypoint_such-frog-LEgXt6rghQfTZ.7SlljGoA==.ply,1762943083.50535
waypoint_sudden-cobra-iJiklaLru7DSabw631ezPg==.ply,1762943085.772515
waypoint_sunlit-dayfly-hxzIPsO6hWRSRhkAyaYQ1w==.ply,1762943088.0397182
waypoint_swanky-angus-BAJ21d4VRCK.mCjABbV9HA==.ply,1762943090.3069134
waypoint_swingy-rat-lXP8M1rnhP1Le5nyNXr6nw==.ply,1762943092.5074427
waypoint_swish-antler-uDt9T3vUvGhciM3lp8E3eA==.ply,1762943094.7746837
waypoint_tacit-crane-eWFTENJeGSvNcaiOfPzwkQ==.ply,1762943096.97516
waypoint_tagged-rook-3OoQZCgR5BhR2AEvJFeFSw==.ply,1762943099.4424882
waypoint_tangy-cod-gOe7EuFuvKvR+fF8.SEdSw==.ply,1762943101.6429644
waypoint_tapped-kelpie-dwzhO9TfvMDobpUWdqtrxA==.ply,1762943104.0435307
waypoint_tardy-camel-ge8AQt6YRmQChHTtJp7MqQ==.ply,1762943106.2441127
waypoint_tardy-emu-bNHzwQHN0gzOvm5lXHzZwA==.ply,1762943108.5112815
waypoint_tasty-biped-XGl8pKlAD4RPazZveZz0hQ==.ply,1762943110.7785044
waypoint_teased-toucan-3FisePRbnxLPNSKFU0BuQg==.ply,1762943112.9790049
waypoint_techy-dingo-dP6hH2W4VF2mvM01K3OrXw==.ply,1762943115.379593
waypoint_ten-pika-DwnO82JDR1g4fkfkN4vrEQ==.ply,1762943117.6468053
waypoint_tenth-midge-0rPL+wKhxzIofv2raLefMA==.ply,1762943119.8473403
waypoint_tilled-afghan-5NTTmpr8U1acoi4upzDMZg==.ply,1762943122.1145542
waypoint_tined-earwig-mGIn+XpYgaybYgnLEvKCGQ==.ply,1762943124.3817108
waypoint_tined-snake-FF2szRuszZcMR7N7y7DTCQ==.ply,1762943126.6489525
waypoint_tinned-eland-1A1plWlorBTxEurG1rf55Q==.ply,1762943129.049493
waypoint_tinpot-husky-8XZAFkBH8HDqOhKAZKpQ8Q==.ply,1762943131.3167164
waypoint_tiny-rodent-4SMwcgEjxLDLws3XqBd2QQ==.ply,1762943133.51725
waypoint_tiptoe-bunny-lhTllPWNJrlz98RMuJZGtg==.ply,1762943135.9178092
waypoint_tiptop-donkey-ILVR.aA3xpkFPkKMGQykeQ==.ply,1762943138.1849875
waypoint_tiptop-hybrid-mpWndqa01jtupwETRMt7qg==.ply,1762943140.3855605
waypoint_toed-earwig-RmiuWUEBviN3etYcEB4C7A==.ply,1762943142.852832
waypoint_toed-mamba-CNlTWYfImN98Ye9kcScajA==.ply,1762943145.1200984
waypoint_tonal-craw-rNHkH3B2q.E5jUwcp8sSoA==.ply,1762943147.3872347
waypoint_tonal-gecko-leWsROrELma.oGYgZaCcIA==.ply,1762943149.787876
waypoint_treed-cattle-inSx1NT1dp7pZq2saZE2sg==.ply,1762943151.988359
waypoint_trite-cub-NzQtA+16eHeVsFhvg98Wyw==.ply,1762943154.3888988
waypoint_trusty-falcon-vIpXIYWWEy7Q+d8Sf9cR5A==.ply,1762943156.6561313
waypoint_trusty-fowl-XG2PPmEykfpVwOfina2.OQ==.ply,1762943158.8566296
waypoint_twenty-canine-RwWVcBGVw8.AwUTbqDVqgg==.ply,1762943161.3905902
waypoint_twin-skunk-WvrZlu6b8mEJl42QtopNmg==.ply,1762943163.6578245
waypoint_ultra-sponge-ZoqnSHCdtJr1XSSN.59iqA==.ply,1762943165.858307
waypoint_unaged-moa-5J87rECjA9m2TPmzyZFOpA==.ply,1762943168.325541
waypoint_unary-lion-vHvnUH5kGOCWenzcW+LRrg==.ply,1762943170.5261056
waypoint_unclad-puffin-g95OeeoQ9.2iHIxpjJBcTA==.ply,1762943172.6599782
waypoint_uncool-cub-Kxd.i7w7m6p.sR.8OrZ6.A==.ply,1762943175.193875
waypoint_uncool-emu-0XbbCsEoIZfwkN0jj4M3ng==.ply,1762943177.5944462
waypoint_unhewn-flea-Rmrxcj+MPskamPp4.cEotQ==.ply,1762943179.79499
waypoint_unopen-sow-Mq7E27M9OSYa2OQOjXg5Hg==.ply,1762943182.2622647
waypoint_unread-crest-aHlPLQ50pcnNLEc7eTz0SA==.ply,1762943184.529468
waypoint_unread-hawk-E212QzCAxgJwoNDyshNEvA==.ply,1762943186.9967482
waypoint_unread-setter-lOIL703cd3zSmptnVKekzA==.ply,1762943189.2639349
waypoint_unsent-afghan-.Lr94.Cu8haWcw.8+SXrBw==.ply,1762943191.4644673
waypoint_unsown-gibbon-+TwL1bqHzgS1B.7LMgP2vw==.ply,1762943193.9317787
waypoint_untrod-aphid-ProL2FOnCA3w75jiMmt9Jw==.ply,1762943196.1989548
waypoint_unwell-marmot-vhlovnvwiPXsgNYmO7.pyA==.ply,1762943198.399492
waypoint_upbeat-crake-5n1VpttC1L5LmlOZscaWxg==.ply,1762943200.600055
waypoint_upbeat-deer-FaW12oxvd8I989LCiYkO6A==.ply,1762943202.8672447
waypoint_upland-toucan-ydprNp9qEcC3Gihc242NVw==.ply,1762943205.2678468
waypoint_upmost-jay-y34IWZ280sjDontNWUd9.A==.ply,1762943207.535058
waypoint_uppish-ape-mbFgk7Jjktt06aqDjrbYKg==.ply,1762943209.8022823
waypoint_uptown-chunga-Xbzf8a0.kFVFjx.N6vD+ng==.ply,1762943212.069489
waypoint_urgent-germ-U49PcqXgrlNv9OANloAhXw==.ply,1762943214.5367217
waypoint_utile-ant-vsxN37JR4kQWazTJ5z0tZQ==.ply,1762943216.7372224
waypoint_vast-angus-0BINkkG00oghaskH6AbiuQ==.ply,1762943219.1377969
waypoint_velar-kudu-Cwfghj5Gku4h7OgRFhHnlQ==.ply,1762943221.3383243
waypoint_visual-clam-RhI4k6lRAu2dMVdqEmPV+g==.ply,1762943223.805603
waypoint_visual-cuckoo-DvDWCQhL2ymSoumAX4U4GA==.ply,1762943226.072791
waypoint_voiced-pigeon-xNxRV7ujvsOdtngAqdMuhw==.ply,1762943228.2732954
waypoint_waking-hippo-llTowd6ZcQW.7mVWoG4Nfg==.ply,1762943230.7405508
waypoint_warmed-larva-X59NJsBLlG7z4S8bitsAzw==.ply,1762943233.1410995
waypoint_waxed-redbug-3xsa2mz+lCfj00JhZwN+Fg==.ply,1762943235.3416197
waypoint_weakly-guppy-PwtDOijnJVXDBHhBXL6EjQ==.ply,1762943237.808854
waypoint_webby-puppy-n+M4V1yJikmJT.cLTu9PcA==.ply,1762943240.0093763
waypoint_weepy-beetle-lcQy70rjoAg3Z79giJNMWg==.ply,1762943242.2765758
waypoint_weepy-bison-m1zXjlboh+xbG4PCe6CaPA==.ply,1762943244.477077
waypoint_wigged-gerbil-oqO3wXHRiIFUI0NifzhtSQ==.ply,1762943246.9442804
waypoint_wilted-moose-drwhoIIyCS2Pmg42TAattQ==.ply,1762943249.2114933
waypoint_wily-sponge-aH72GDR0PRfqb5HU9WRYUQ==.ply,1762943251.478762
waypoint_windup-bear-LtLxCGact03noEQCNR9Gmw==.ply,1762943253.8792963
waypoint_windup-dingo-M1cLvAFvYXY0LdFzZIhJIA==.ply,1762943256.146535
waypoint_witty-bonobo-ujp1m7I5wObSNo1fPFcrSw==.ply,1762943258.547092
waypoint_wizard-coral-xx0c+f10Vu9oVZBE+y74kQ==.ply,1762943260.8143358
waypoint_wizard-turtle-so0.bcRS7GM+HYF0J71aww==.ply,1762943263.0148754
waypoint_wobbly-embryo-cX1VqCT1MCI6owaYb6Lx+w==.ply,1762943266.4823892
waypoint_won-wolf-Wbqp.ksj06.6pkRBeq6gwA==.ply,1762943268.882931
waypoint_woozy-rook-G6YXUSQhK99ZPbqPpaRWkw==.ply,1762943271.2835333
waypoint_wordy-bobcat-WJB9YJzb6X9W6J4bOgMnMg==.ply,1762943273.5507262
waypoint_worst-owl-qVqWgx9NVbXpufvSF7JgKw==.ply,1762943275.617861
waypoint_wound-ape-Bx4u7MLMAtjt4Xmto1jaoA==.ply,1762943276.484766
waypoint_wroth-borzoi-SBEa1CrC.wiCP7ZrQVK+hg==.ply,1762943288.7543664
waypoint_yankee-tapir-SZgON9z1mJnx2M8q7Uk7ow==.ply,1762943615.8992295
waypoint_yummy-trout-DOEWjaWPTQ71GqF60V2jqw==.ply,1762943622.367419
